Temperature,Humidity,Hour,Day,Month,Energy
30,31,19,28,10,158.5
32,53,21,7,10,163.5
33,85,7,17,12,158.5
20,75,4,11,4,136.5
35,70,14,8,10,169.0
21,38,5,24,7,102.0
25,65,4,22,2,136.5
26,62,10,14,12,127.0
35,38,12,24,4,158.0
28,67,7,28,10,151.5
24,65,1,4,2,115.5
36,83,11,10,3,158.5
39,51,20,15,5,179.5
39,42,14,26,11,157.0
37,54,15,19,5,158.0
27,30,10,22,4,121.0
27,70,17,8,10,186.0
25,77,23,19,7,168.5
37,58,16,5,9,168.0
38,77,11,10,12,161.5
20,61,22,2,7,162.5
33,51,14,7,8,168.5
26,39,23,11,11,162.5
31,56,6,16,11,134.0
31,67,16,29,6,168.5
37,72,9,3,12,176.0
23,55,8,29,4,144.5
33,62,12,21,5,160.0
31,55,15,19,1,181.5
36,57,2,20,1,128.5
38,41,19,30,11,183.5
37,88,20,9,6,192.0
39,51,22,29,10,198.5
32,76,8,27,1,162.0
20,67,20,29,7,178.5
25,50,17,3,1,163.0
26,78,5,20,6,129.0
33,66,8,6,11,134.0
26,86,7,27,12,128.0
33,52,1,18,1,113.0
26,63,20,13,2,161.5
25,87,10,7,3,140.5
33,39,13,4,1,156.5
39,31,19,22,6,192.5
35,74,1,25,8,133.0
34,82,6,21,5,142.0
32,54,11,4,9,165.0
21,62,3,14,3,97.0
37,45,12,12,4,162.5
29,54,4,14,1,142.0
37,46,0,11,5,123.0
39,42,7,30,9,144.0
36,37,6,27,7,148.5
33,75,11,30,12,183.5
36,49,18,30,1,198.5
20,76,6,29,2,143.0
31,89,14,3,10,171.5
25,65,13,13,10,155.5
25,31,23,21,8,170.5
21,78,5,27,10,131.0
31,53,22,16,12,181.5
37,61,20,28,11,185.5
27,86,11,19,7,169.0
31,39,23,19,6,175.5
25,37,12,4,11,143.5
21,60,20,8,3,148.0
30,37,17,21,1,148.5
33,47,11,7,7,154.5
36,38,20,13,6,173.0
36,66,10,11,10,161.0
38,58,17,20,1,189.0
26,89,3,20,10,117.5
32,42,3,18,9,112.0
31,88,21,19,8,182.0
21,39,19,28,8,149.5
21,48,6,9,11,111.0
27,51,2,5,12,103.5
32,76,15,25,2,180.0
25,72,16,14,5,163.0
21,78,9,29,1,143.0
27,33,19,3,5,162.5
24,41,18,20,11,139.5
32,54,17,16,12,164.0
27,63,22,20,3,195.5
30,85,21,19,10,213.5
33,35,14,27,5,156.5
34,81,14,18,4,182.5
22,64,8,4,2,139.0
37,59,20,2,4,184.5
28,37,19,19,5,164.5
20,42,11,4,8,116.0
20,51,13,26,11,135.5
21,30,22,14,9,148.0
34,56,13,6,2,151.0
39,47,19,12,11,180.5
30,71,13,11,11,154.5
35,76,16,8,3,190.0
35,51,2,10,11,117.5
31,55,3,21,9,127.5
39,69,0,7,7,135.5
30,86,1,18,1,141.0
28,56,15,17,3,176.0
29,85,9,9,11,171.5
31,72,16,23,10,176.0
33,85,10,20,11,155.5
30,54,21,16,3,164.0
26,56,14,30,8,139.0
33,64,8,8,11,155.0
32,80,8,9,6,161.0
34,41,23,5,9,198.5
34,62,12,19,10,167.0
21,49,22,6,3,170.5
38,52,6,28,4,150.0
29,31,2,8,10,123.5
25,61,10,22,12,154.5
27,66,20,12,11,195.0
30,49,23,13,10,174.5
22,87,20,30,12,165.5
36,57,5,19,4,132.5
30,58,0,15,1,124.0
38,75,8,2,10,149.5
35,82,13,28,6,163.0
22,71,4,4,10,108.5
28,50,18,29,5,182.0
34,58,8,21,7,132.0
32,41,3,23,5,130.5
28,77,18,10,9,194.5
35,89,2,3,12,159.5
38,70,18,15,12,191.0
39,36,10,12,9,157.0
23,32,10,13,7,112.0
25,67,19,20,5,166.5
23,78,15,19,8,179.0
34,39,19,11,9,192.5
33,62,18,20,9,193.0
32,75,21,6,1,191.5
39,43,4,25,12,126.5
30,53,4,17,10,120.5
23,83,15,27,4,160.5
33,31,15,10,1,146.5
27,45,1,11,2,99.5
31,39,10,7,9,121.5
23,37,2,4,9,109.5
22,52,11,22,5,132.0
31,34,19,20,4,156.0
31,54,15,11,5,173.0
21,76,10,21,12,159.0
32,87,20,30,4,188.5
32,70,14,15,1,182.0
33,71,20,4,7,194.5
30,42,0,22,1,106.0
38,39,12,8,11,178.5
33,52,3,10,1,141.0
22,50,19,23,5,165.0
28,59,8,18,2,139.5
39,57,2,21,5,154.5
39,75,20,4,8,222.5
38,55,7,17,10,157.5
28,64,1,29,6,139.0
33,88,21,17,1,190.0
37,47,15,25,10,173.5
37,88,5,8,3,161.0
39,34,23,21,7,208.0
31,79,19,3,6,203.5
36,59,22,18,4,183.5
30,83,16,20,10,171.5
32,47,14,12,8,151.5
35,48,10,17,11,162.0
38,79,9,11,11,178.5
35,38,6,28,5,119.0
21,36,20,16,6,166.0
33,77,7,12,11,149.5
22,34,0,27,12,107.0
30,50,23,3,2,200.0
20,75,20,2,9,165.5
36,45,3,11,9,118.5
23,83,3,15,6,134.5
30,65,19,17,5,174.5
39,38,23,19,1,206.0
37,65,16,13,5,181.5
29,50,13,23,7,144.0
31,52,0,1,2,108.0
31,54,3,15,10,134.0
26,55,6,17,10,109.5
26,48,19,29,2,178.0
21,83,7,21,1,125.5
22,37,22,30,6,156.5
28,30,14,11,4,131.0
28,54,1,5,9,123.0
37,39,4,10,10,146.5
21,43,15,21,11,131.5
30,49,10,22,10,160.5
27,45,11,12,2,130.5
20,47,10,25,7,103.5
28,59,13,12,2,156.5
21,39,21,5,11,154.5
32,87,1,10,6,158.5
38,59,0,6,1,132.5
37,83,17,9,1,195.5
29,50,14,27,2,171.0
36,87,8,27,12,169.5
20,71,14,18,7,133.5
21,88,16,4,12,158.0
37,83,2,3,5,150.5
30,48,8,11,8,135.0
38,64,22,16,6,196.0
35,67,16,2,5,179.5
22,31,22,9,9,160.5
31,35,12,23,11,145.5
34,69,7,18,6,143.5
20,77,7,2,4,130.5
26,83,4,17,2,140.5
24,51,10,27,12,126.5
25,83,14,8,1,180.5
33,47,18,28,4,164.5
35,72,6,20,1,164.0
34,48,1,20,10,127.0
20,43,1,26,12,106.5
36,44,15,24,7,166.0
22,38,12,27,5,124.0
24,46,13,13,8,132.0
21,74,10,6,6,157.0
32,63,14,24,7,171.5
37,60,8,28,8,155.0
32,61,8,14,1,138.5
31,54,17,22,2,159.0
35,30,3,1,2,134.0
33,78,2,6,4,139.0
35,54,10,9,7,171.0
32,66,10,19,11,139.0
24,74,23,21,2,172.0
35,43,16,28,6,179.5
31,83,17,3,11,174.5
24,70,19,2,7,158.0
29,68,0,9,5,134.0
35,56,7,19,5,159.0
39,41,11,1,1,169.5
24,62,7,11,3,125.0
39,82,18,12,9,219.0
21,56,13,23,1,126.0
23,63,21,12,9,180.5
20,68,1,24,9,126.0
20,33,19,9,3,162.5
21,48,16,1,9,145.0
23,88,7,6,11,135.0
34,70,18,14,7,194.0
31,78,4,7,9,145.0
20,57,4,14,6,102.5
35,82,19,23,8,206.0
27,76,17,8,10,171.0
20,60,19,25,2,158.0
33,89,17,20,8,189.5
27,80,5,1,8,130.0
21,31,2,17,8,107.5
26,64,12,5,5,153.0
27,40,10,26,5,122.0
22,88,16,9,10,185.0
39,78,14,15,5,180.0
25,86,21,27,9,168.0
34,45,8,20,5,163.5
39,49,9,7,4,144.5
27,66,17,6,7,175.0
25,45,6,24,5,122.5
27,46,22,18,2,165.0
31,32,14,15,8,148.0
32,89,16,15,11,201.5
32,72,1,23,4,137.0
26,30,20,12,1,163.0
24,83,23,23,5,200.5
24,74,19,8,5,164.0
39,69,21,26,12,217.5
35,53,18,20,7,184.5
34,55,12,8,7,150.5
26,40,3,1,1,91.0
21,82,13,4,4,157.0
25,60,12,23,6,163.0
30,42,9,24,9,145.0
21,75,20,7,9,184.5
37,59,21,3,1,208.5
22,77,17,27,4,148.5
39,57,22,8,6,219.5
34,75,1,2,1,145.5
36,81,6,14,10,165.5
22,43,5,22,8,91.5
24,54,11,2,1,155.0
31,81,11,19,6,170.5
32,41,18,2,6,148.5
23,64,18,1,6,172.0
37,51,7,20,6,141.5
33,83,4,29,11,151.5
38,30,23,17,10,190.0
34,41,15,24,7,163.5
27,61,18,25,4,168.5
23,82,14,8,2,153.0
23,32,14,29,10,132.0
34,66,11,15,4,181.0
32,30,21,27,6,190.0
24,39,22,21,4,156.5
36,41,12,20,7,167.5
36,63,2,21,6,136.5
30,85,6,20,5,141.5
23,37,4,4,9,110.5
21,56,8,14,5,107.0
31,50,3,3,6,134.0
29,53,12,15,11,144.5
34,80,6,17,5,168.0
26,40,16,4,4,140.0
25,42,9,30,10,120.0
20,52,2,15,2,116.0
24,37,17,12,5,153.5
38,80,2,19,8,138.0
39,80,12,17,11,195.0
33,58,20,20,12,202.0
26,34,8,8,12,112.0
29,58,7,7,5,151.0
22,82,13,30,6,137.0
38,34,18,25,4,165.0
37,41,16,11,8,186.5
29,82,10,4,9,161.0
24,46,10,27,8,129.0
31,66,11,2,4,155.0
28,48,2,21,5,107.0
35,50,20,18,11,204.0
36,70,18,25,11,192.0
22,79,20,20,8,177.5
34,34,3,17,9,131.0
26,73,18,27,8,177.5
33,70,21,3,12,183.0
39,77,9,27,6,156.5
22,66,15,2,12,143.0
34,59,3,8,7,137.5
29,71,0,18,10,137.5
21,76,10,28,3,131.0
26,74,16,26,2,170.0
35,88,23,8,12,232.0
29,86,18,22,9,167.0
37,38,19,24,7,193.0
30,69,17,20,1,191.5
22,74,3,26,6,121.0
28,80,20,28,9,189.0
25,70,5,4,5,146.0
29,76,0,30,7,109.0
24,34,12,14,1,128.0
39,85,7,20,6,167.5
23,79,19,19,8,186.5
23,75,3,12,4,125.5
22,80,23,28,9,163.0
20,66,13,28,1,139.0
36,57,14,16,4,171.5
27,33,14,6,5,152.5
20,86,22,20,1,189.0
39,67,21,3,6,194.5
32,54,22,13,6,198.0
26,38,3,14,9,129.0
35,34,8,14,3,129.0
24,53,13,11,10,161.5
38,48,3,9,9,140.0
20,33,22,8,3,137.5
32,39,13,21,10,132.5
32,47,2,28,4,133.5
37,35,11,12,10,165.5
30,73,7,15,4,133.5
37,85,18,4,11,198.5
22,42,2,26,10,86.0
35,48,10,26,5,144.0
29,60,17,18,7,167.0
28,88,7,19,5,132.0
20,39,7,7,7,118.5
24,30,17,26,10,124.0
35,30,0,14,6,128.0
28,69,7,7,8,160.5
27,55,20,29,11,161.5
27,34,14,2,4,153.0
38,88,18,9,3,205.0
26,35,13,25,12,149.5
33,33,5,28,8,138.5
25,74,10,14,10,139.0
29,63,18,7,8,183.5
27,60,11,7,6,158.0
37,30,9,6,9,135.0
27,85,16,15,8,186.5
25,36,5,20,7,109.0
35,47,5,16,8,156.5
29,70,21,8,5,189.0
33,31,16,2,12,162.5
33,76,22,23,2,190.0
31,45,8,11,12,155.5
31,60,4,3,11,119.0
34,66,6,27,5,152.0
27,46,9,17,6,122.0
29,59,11,10,4,143.5
23,52,9,3,9,113.0
22,50,17,11,12,152.0
37,44,5,19,6,145.0
29,83,13,8,8,169.5
31,69,21,30,8,193.5
29,41,2,3,10,100.5
23,85,13,11,4,156.5
24,39,22,5,5,156.5
31,65,4,19,3,129.5
35,66,2,11,3,152.0
27,46,21,4,8,187.0
25,37,9,6,2,125.5
22,69,12,24,5,126.5
26,38,16,14,1,134.0
35,81,17,4,8,189.5
29,41,9,8,12,133.5
25,62,5,2,6,106.0
33,87,8,18,1,174.5
28,34,9,4,8,145.0
26,40,15,9,3,127.0
33,63,0,26,7,115.5
38,37,8,12,2,155.5
24,63,4,29,8,105.5
27,46,0,4,2,92.0
28,70,9,7,5,130.0
31,55,0,10,7,105.5
37,89,10,16,5,171.5
29,38,9,1,7,116.0
31,66,3,16,10,117.0
29,36,12,14,7,125.0
24,48,12,20,4,136.0
35,72,18,10,3,207.0
21,77,15,30,12,172.5
22,65,4,3,3,109.5
39,30,21,10,5,166.0
24,82,11,13,3,151.0
29,32,5,19,12,110.0
28,50,7,22,12,132.0
37,68,19,20,1,205.0
26,80,5,22,2,154.0
39,45,3,14,9,140.5
36,83,4,18,5,173.5
37,80,3,25,12,149.0
24,63,15,15,5,159.5
25,50,4,8,9,127.0
23,36,13,5,12,123.0
38,30,8,9,6,158.0
25,54,1,11,7,100.0
35,75,17,26,10,174.5
36,63,8,14,11,176.5
23,58,0,11,8,96.0
29,48,8,27,1,141.0
23,32,0,7,12,81.0
36,58,23,1,4,181.0
36,74,2,28,9,146.0
25,76,3,11,10,108.0
33,54,9,1,5,131.0
36,69,14,4,5,187.5
29,39,14,17,8,134.5
34,80,16,21,3,169.0
38,38,22,9,4,201.0
22,37,13,11,7,115.5
33,38,16,9,11,165.0
35,84,16,15,4,200.0
20,50,5,6,6,108.0
24,38,21,20,7,160.0
28,38,1,25,5,121.0
34,84,20,3,1,187.0
21,81,17,6,6,150.5
33,41,4,6,12,108.5
37,52,9,15,9,145.0
34,80,12,17,12,165.0
30,86,22,27,3,211.0
20,44,18,13,10,138.0
20,89,15,18,9,144.5
30,86,21,19,1,201.0
37,83,15,24,6,204.5
32,63,23,23,6,183.5
34,75,3,4,6,150.5
30,89,8,12,3,165.5
34,73,13,17,3,173.5
30,87,16,16,9,163.5
34,55,1,9,6,147.5
35,59,2,28,12,147.5
34,45,9,23,7,142.5
21,86,9,24,7,123.0
24,55,22,7,1,177.5
39,84,7,21,9,187.0
29,70,10,20,6,138.0
32,57,10,21,10,154.5
25,81,1,30,7,116.5
31,58,17,7,3,179.0
35,58,9,8,1,158.0
35,63,20,24,2,182.5
28,33,16,12,12,157.5
27,68,17,27,7,188.0
29,66,13,29,8,168.0
27,65,10,11,5,133.5
32,46,6,4,2,115.0
34,31,11,13,3,130.5
27,52,2,26,10,119.0
38,85,3,10,7,170.5
26,66,6,6,4,145.0
35,58,6,4,12,161.0
24,65,19,28,9,157.5
39,46,12,25,3,173.0
22,85,23,17,3,171.5
25,88,1,18,6,127.0
24,85,21,20,4,178.5
38,44,5,2,6,157.0
32,52,20,4,12,198.0
30,56,8,14,7,136.0
21,47,13,28,7,140.5
37,55,23,8,12,188.5
21,53,3,3,1,119.5
22,33,3,13,2,116.5
21,81,16,16,9,177.5
23,71,1,21,3,108.5
37,61,15,2,5,169.5
34,30,10,9,4,126.0
32,78,11,1,12,147.0
30,82,16,4,3,168.0
34,62,6,18,8,138.0
30,74,21,26,9,174.0
29,68,15,20,5,147.0
23,81,19,18,6,163.5
20,54,2,24,8,99.0
24,46,16,3,4,151.0
34,88,11,14,7,188.0
24,30,3,15,4,97.0
27,32,23,23,9,185.0
23,39,10,6,1,114.5
22,78,10,12,3,131.0
39,69,17,22,4,206.5
20,41,5,3,2,123.5
29,68,5,19,7,155.0
30,77,20,26,9,184.5
35,42,7,29,10,140.0
39,69,21,11,5,185.5
35,31,12,14,2,150.5
21,39,7,25,9,93.5
31,45,11,9,12,131.5
38,84,10,30,5,196.0
29,36,2,23,4,109.0
39,64,0,25,11,136.0
35,63,23,19,9,204.5
35,63,7,23,9,168.5
26,82,12,20,10,146.0
31,33,22,19,8,189.5
33,32,14,1,11,135.0
27,40,18,19,5,160.0
36,67,13,11,2,186.5
26,57,21,25,6,157.5
36,42,1,15,3,122.0
28,83,14,5,6,183.5
39,72,22,28,6,193.0
27,85,22,7,1,211.5
29,45,2,2,8,107.5
24,45,0,4,1,115.5
31,44,19,6,12,160.0
29,49,5,15,8,144.5
38,76,21,27,1,202.0
24,45,11,8,11,113.5
28,32,11,18,12,140.0
22,85,22,24,1,193.5
25,81,1,18,3,126.5
23,33,5,23,2,109.5
36,47,7,2,5,138.5
35,40,15,15,7,145.0
20,75,21,7,11,159.5
33,84,16,29,9,194.0
34,56,22,10,4,198.0
21,80,3,14,6,129.0
20,74,17,16,8,140.0
25,84,7,29,1,136.0
26,31,12,4,10,137.5
28,44,9,9,7,123.0
34,35,3,26,12,114.5
32,78,16,27,1,186.0
39,74,17,15,8,178.0
39,43,22,30,3,188.5
24,67,12,29,12,166.5
38,49,13,25,10,185.5
29,70,12,21,7,161.0
33,51,3,27,12,136.5
34,47,16,24,4,175.5
22,77,1,5,6,105.5
34,65,18,12,10,199.5
26,56,9,26,1,132.0
37,52,16,4,7,178.0
34,74,9,12,3,178.0
32,55,17,7,5,167.5
31,72,22,9,10,210.0
20,79,12,12,5,143.5
32,42,8,13,10,121.0
25,55,5,2,3,109.5
22,42,14,21,11,118.0
31,44,15,12,1,139.0
26,47,1,3,8,93.5
31,78,2,22,10,141.0
29,79,15,2,4,183.5
37,67,18,9,8,200.5
27,84,22,25,3,199.0
30,66,23,10,8,196.0
24,81,4,26,2,128.5
31,70,17,16,11,159.0
30,55,1,20,9,137.5
22,89,18,9,3,162.5
32,32,8,28,6,149.0
28,88,0,18,10,148.0
24,43,8,21,5,108.5
24,88,10,8,12,135.0
29,59,3,27,12,130.5
25,82,6,6,1,143.0
29,80,8,7,1,150.0
25,36,1,6,10,81.0
24,49,11,5,5,135.5
39,76,5,2,7,171.0
29,57,4,17,1,130.5
34,70,2,2,5,146.0
26,75,18,7,8,184.5
25,83,4,12,5,146.5
33,85,11,19,11,158.5
34,72,18,1,12,182.0
29,86,11,27,7,162.0
22,66,23,15,2,169.0
37,37,13,26,4,164.5
23,73,15,23,6,175.5
22,45,19,9,12,150.5
37,50,11,2,11,143.0
34,40,14,25,2,165.0
29,38,16,9,2,138.0
39,68,3,15,1,162.0
28,63,11,1,6,154.5
37,80,3,5,7,162.0
33,56,21,5,9,195.0
33,41,13,18,10,145.5
26,33,10,25,6,114.5
21,34,17,4,8,129.0
29,52,7,23,10,125.0
20,60,2,8,1,122.0
33,45,16,26,6,174.5
25,88,3,18,2,140.0
33,54,23,10,7,172.0
23,76,15,30,11,149.0
35,81,11,6,4,166.5
25,42,0,29,4,93.0
29,88,1,15,6,142.0
26,63,0,17,1,104.5
37,79,14,13,10,204.5
27,34,15,8,2,146.0
36,84,21,13,10,215.0
35,59,2,17,4,115.5
23,46,23,15,9,170.0
28,80,15,19,9,158.0
39,35,7,16,10,149.5
22,73,5,27,12,110.5
27,82,6,7,9,140.0
27,65,14,6,2,171.5
39,50,4,17,9,138.0
27,89,2,14,3,137.5
22,62,20,28,10,161.0
34,68,3,22,4,149.0
38,89,11,30,8,173.5
32,82,2,21,12,137.0
37,81,17,1,10,212.5
23,48,8,25,10,131.0
21,50,8,8,5,124.0
38,88,1,30,4,163.0
33,55,3,4,7,132.5
39,70,15,14,5,192.0
31,85,4,6,7,126.5
33,84,20,9,5,199.0
28,87,4,3,2,154.5
32,66,0,11,3,115.0
35,84,12,30,8,196.0
30,78,9,4,9,139.0
36,62,23,4,6,213.0
32,49,6,20,6,150.5
25,74,12,3,1,157.0
31,76,3,10,6,142.0
31,57,5,14,7,137.5
27,68,20,24,3,185.0
29,81,11,25,10,147.5
33,89,18,20,12,207.5
21,86,9,7,10,145.0
32,49,14,18,11,172.5
36,61,6,1,11,143.5
39,52,10,12,5,154.0
29,53,3,1,1,134.5
23,32,15,17,7,138.0
25,38,13,10,11,149.0
33,32,22,23,10,196.0
31,70,13,13,9,162.0
37,30,17,5,3,170.0
32,85,23,16,5,206.5
33,88,18,6,11,198.0
34,77,21,10,2,198.5
36,46,9,16,6,151.0
28,86,0,30,2,130.0
39,81,4,7,6,178.5
33,89,4,7,2,153.5
23,48,2,14,4,114.0
35,31,13,1,1,159.5
20,83,5,14,2,145.5
22,76,17,25,9,166.0
20,76,16,6,3,141.0
27,74,20,11,9,167.0
22,39,8,13,8,131.5
38,69,12,5,11,187.5
23,50,0,23,6,116.0
29,69,1,17,4,107.5
37,39,19,26,11,198.5
34,32,2,5,9,126.0
23,59,20,13,2,152.5
38,47,13,8,4,183.5
29,62,6,4,1,144.0
25,82,19,11,9,179.0
34,71,7,1,3,144.5
34,38,20,5,7,175.0
24,70,0,23,10,117.0
38,31,6,6,9,135.5
29,46,6,1,11,144.0
28,37,6,24,7,117.5
23,35,6,8,6,115.5
33,52,16,29,1,153.0
29,52,3,30,3,107.0
39,76,16,25,2,213.0
38,56,23,26,10,193.0
30,44,0,13,6,98.0
36,33,23,10,3,172.5
25,63,4,30,12,136.5
30,77,18,15,9,172.5
28,55,22,21,12,190.5
31,43,18,20,1,167.5
22,88,5,5,6,119.0
38,76,2,17,12,132.0
36,71,11,18,10,167.5
37,52,19,29,8,206.0
37,63,0,18,3,138.5
31,40,13,9,3,157.0
28,55,11,30,12,135.5
22,34,21,5,8,138.0
20,78,5,10,11,130.0
26,75,10,6,5,156.5
39,86,22,25,4,236.0
36,83,2,26,11,141.5
38,31,12,27,4,157.5
30,68,19,23,8,194.0
26,59,17,29,1,169.5
32,79,8,1,7,147.5
26,74,0,15,3,101.0
29,82,19,20,4,180.0
25,66,11,20,7,132.0
26,81,13,4,11,157.5
24,39,8,27,5,114.5
37,79,21,26,5,204.5
26,30,13,30,8,144.0
37,34,19,7,8,162.0
37,46,8,26,2,158.0
36,89,10,16,9,181.5
21,50,20,24,10,168.0
24,53,15,19,10,154.5
27,66,18,15,3,160.0
20,53,18,8,5,132.5
35,36,8,26,4,144.0
32,33,5,19,4,129.5
35,71,6,15,2,133.5
31,87,15,10,12,186.5
31,68,18,12,6,199.0
38,80,0,19,1,130.0
39,63,13,20,3,186.5
39,35,22,4,8,200.5
22,42,1,9,2,113.0
21,79,2,28,12,108.5
23,62,11,20,6,151.0
37,40,14,9,6,174.0
34,35,16,9,7,172.5
24,31,18,16,12,136.5
21,73,10,26,6,145.5
31,40,18,3,4,161.0
31,50,13,10,3,150.0
36,81,22,1,6,211.5
25,76,17,6,1,181.0
27,38,23,10,7,152.0
37,51,18,25,8,187.5
26,78,19,17,6,174.0
24,35,16,16,10,132.5
24,50,19,30,6,156.0
37,35,8,25,11,147.5
35,81,11,17,11,160.5
37,34,10,15,1,158.0
25,70,9,18,8,154.0
24,37,22,19,11,176.5
30,56,17,29,6,177.0
21,55,16,11,10,158.5
27,65,10,8,7,141.5
33,67,4,11,5,126.5
25,43,22,17,10,150.5
23,37,5,10,8,121.5
31,66,19,14,3,182.0
31,35,8,9,12,126.5
31,60,23,14,6,182.0
32,32,20,1,2,179.0
38,33,5,18,8,127.5
34,67,10,29,10,176.5
32,40,18,2,11,150.0
39,48,4,14,11,154.0
25,55,8,8,9,141.5
24,77,2,13,11,132.5
30,64,17,22,3,156.0
33,45,22,21,11,167.5
29,32,10,12,8,133.0
33,71,21,23,6,208.5
25,61,2,19,3,112.5
21,47,17,1,10,164.5
22,83,18,4,1,164.5
21,70,8,12,1,117.0
23,31,1,2,3,75.5
28,47,4,7,2,134.5
36,34,17,21,4,183.0
32,48,10,8,2,130.0
28,81,1,15,4,127.5
31,36,4,14,11,121.0
20,37,6,21,1,88.5
33,38,18,26,11,182.0
29,40,9,4,4,129.0
28,36,0,27,3,113.0
36,38,6,10,9,146.0
37,60,23,28,5,184.0
29,32,8,27,12,119.0
25,77,17,25,11,155.5
23,30,4,20,7,117.0
34,56,18,15,6,188.0
21,61,10,2,7,143.5
36,44,16,24,2,186.0
27,86,0,18,7,108.0
33,89,11,26,12,191.5
36,33,9,9,2,144.5
20,60,2,12,4,94.0
33,49,13,29,11,144.5
29,40,18,23,12,161.0
39,30,7,1,9,153.0
30,73,19,19,4,193.5
24,58,3,29,5,123.0
25,39,12,23,8,138.5
20,73,15,19,6,169.5
28,69,9,22,1,147.5
37,35,14,4,7,158.5
31,71,17,8,1,196.5
35,57,17,22,7,164.5
26,40,8,14,7,140.0
24,63,6,3,12,132.5
27,31,11,14,6,112.5
33,66,21,15,8,193.0
34,36,17,27,3,175.0
35,32,2,16,8,128.0
22,63,10,29,1,148.5
21,51,14,23,8,131.5
27,40,19,27,2,142.0
37,51,10,26,12,146.5
30,63,1,7,4,109.5
31,74,8,30,2,163.0
30,77,3,7,1,122.5
37,51,0,30,7,113.5
38,55,14,29,4,176.5
36,52,18,16,11,199.0
36,45,1,1,1,108.5
36,36,17,29,1,174.0
32,68,3,13,8,139.0
24,66,22,29,8,180.0
21,38,19,24,5,156.0
24,33,20,6,10,137.5
36,53,23,21,2,202.5
25,31,16,30,4,156.5
20,59,6,6,7,106.5
39,64,4,11,9,167.0
39,36,16,12,8,193.0
32,69,17,3,11,184.5
24,41,18,15,7,142.5
24,68,4,29,10,106.0
35,78,7,25,3,176.0
21,35,19,28,11,145.5
25,71,12,27,3,154.5
20,30,15,8,1,111.0
22,40,1,13,3,97.0
38,67,4,10,9,140.5
29,63,1,7,11,123.5
31,69,21,13,2,183.5
35,66,3,15,7,122.0
22,67,16,13,1,138.5
33,70,22,18,5,193.0
29,77,6,29,3,151.5
36,46,15,21,7,189.0
37,84,23,26,12,217.0
21,76,21,12,5,175.0
35,78,1,24,5,160.0
26,54,11,9,8,161.0
39,33,8,27,11,143.5
39,50,9,7,1,172.0
28,65,22,13,10,176.5
23,73,18,10,4,171.5
39,76,15,24,5,192.0
35,39,5,29,1,140.5
38,56,17,17,3,196.0
36,49,4,25,6,135.5
30,76,8,18,9,171.0
25,85,20,18,2,188.5
28,69,1,18,5,109.5
29,53,13,3,4,171.5
35,40,9,21,2,163.0
20,51,18,1,7,158.5
36,50,11,10,12,162.0
36,33,22,3,1,195.5
36,67,10,16,11,179.5
23,40,18,6,3,162.0
38,89,17,9,6,205.5
35,43,7,12,1,137.5
21,88,11,14,1,156.0
29,43,14,23,9,149.5
23,50,4,25,3,106.0
27,72,19,25,7,163.0
38,42,18,21,8,163.0
27,50,14,14,8,153.0
26,39,15,2,7,149.5
25,82,21,23,12,185.0
24,86,16,15,9,150.0
31,88,3,9,2,134.0
38,45,8,18,3,153.5
39,83,11,29,1,191.5
20,89,14,19,5,148.5
34,53,13,20,12,170.5
23,80,22,21,10,194.0
39,53,12,3,8,177.5
26,48,23,10,5,182.0
21,47,10,22,3,119.5
27,68,13,27,9,144.0
35,45,12,3,10,147.5
31,89,18,14,8,188.5
25,62,1,8,11,120.0
27,54,10,13,8,157.0
32,47,18,13,4,169.5
38,40,15,6,11,155.0
24,65,16,2,11,138.5
22,83,9,1,9,151.5
20,74,14,18,11,149.0
21,45,16,6,3,150.5
37,52,4,4,8,154.0
28,53,15,16,11,165.5
29,71,10,2,12,170.5
38,40,4,28,10,120.0
32,78,1,12,7,154.0
38,68,13,13,9,180.0
21,40,3,30,7,107.0
32,38,6,22,9,125.0
22,63,3,29,10,101.5
36,71,14,30,8,183.5
22,62,20,25,4,176.0
31,61,14,7,8,151.5
27,82,2,3,5,148.0
27,49,4,25,12,116.5
22,57,9,19,9,132.5
27,73,4,16,6,149.5
39,50,7,8,6,137.0
30,74,5,4,11,145.0
36,66,10,20,7,146.0
35,59,7,3,10,130.5
21,47,15,2,3,125.5
20,72,18,2,9,170.0
27,64,15,8,2,157.0
32,86,20,24,4,183.0
36,50,18,21,11,193.0
24,56,1,7,6,105.0
21,38,18,15,5,127.0
24,84,0,25,7,102.0
25,68,0,11,1,104.0
21,82,17,15,11,178.0
39,67,4,12,7,136.5
24,42,18,28,9,133.0
21,74,1,6,5,114.0
35,47,12,4,5,167.5
29,65,20,26,2,180.5
35,57,0,30,10,125.5
32,76,6,11,3,142.0
37,36,22,28,7,206.0
20,35,17,2,4,154.5
32,69,1,25,9,143.5
30,71,9,15,1,171.5
22,88,6,24,8,119.0
32,63,4,13,1,122.5
31,68,2,28,10,142.0
30,31,23,10,4,159.5
20,34,17,21,11,134.0
25,67,6,6,10,116.5
29,71,3,19,12,132.5
28,68,12,7,1,162.0
37,77,14,4,2,182.5
30,34,10,28,11,154.0
32,43,0,15,3,115.5
33,48,17,14,5,152.0
35,80,22,18,5,222.0
38,42,22,21,9,206.0
25,75,14,4,2,164.5
24,53,19,2,1,151.5
20,58,16,2,5,135.0
33,63,16,7,6,185.5
36,39,21,30,3,181.5
33,39,3,11,7,138.5
23,47,8,10,7,124.5
